City,SocialSatisfactionScore
Belgrade,1.7865538316878231
Lisbon,1.4602873085598955
Lomza,0.5609756097560975
Porto,0.6311445563782012
Skopje,1.8992472495657209
Sofia,1.353597720256471
Vilnius,2.181150269773849
Warsaw,1.9909186168354873
